id,session_id,reason,summary,status,counsellor_id,callback_phone,callback_slot,created_at,resolved_at,resolution_note
1,da1fce8e-8c13-43ec-8c90-0d3a2373c467,Persistent parent status concern,Family in Warangal has lingering reservations regarding trade progression and societal perception.,queued,,9881067187,Evening 5-7 PM,2024-05-24T08:03:17,,
2,636169fd-c019-48d6-b290-cccc7b0532dc,Persistent parent status concern,Family in Udaipur has lingering reservations regarding trade progression and societal perception.,resolved,1,9883012368,Evening 5-7 PM,2024-05-10T02:52:29,2024-05-10T04:52:29,"Explained lateral diploma opportunities, parent agreed to visit ITI"
3,d45f6abe-2ef1-4f15-abe9-9769829fcc15,Family requested counsellor callback,Family in Jodhpur has lingering reservations regarding trade progression and societal perception.,active,1,9837082195,Evening 5-7 PM,2024-08-20T13:12:18,,
4,3c06afb0-69ea-4d78-aa9f-f65cfb499eac,Persistent parent status concern,Family in Warangal has lingering reservations regarding trade progression and societal perception.,queued,,9846147178,Evening 5-7 PM,2024-04-27T10:50:19,,
5,3ba69f3e-e03e-433d-9764-5481148484cb,Family requested counsellor callback,Family in Indore has lingering reservations regarding trade progression and societal perception.,queued,,9862517498,Evening 5-7 PM,2024-03-08T06:27:39,,
6,837b2f4b-790c-49a6-9d4c-1bd33e70ae20,Family requested counsellor callback,Family in Karimnagar has lingering reservations regarding trade progression and societal perception.,active,1,9867408147,Evening 5-7 PM,2024-09-16T10:46:08,,
7,8cb1e30a-f36d-45c4-a430-341b1d0f09b2,Persistent parent status concern,Family in Udaipur has lingering reservations regarding trade progression and societal perception.,resolved,1,9886837840,Evening 5-7 PM,2024-04-03T15:35:00,2024-04-03T17:35:00,"Explained lateral diploma opportunities, parent agreed to visit ITI"
8,c30a2ef3-1c4e-40a6-ad87-0fac11816b40,Family requested counsellor callback,Family in Jodhpur has lingering reservations regarding trade progression and societal perception.,resolved,1,9841580351,Evening 5-7 PM,2024-06-30T18:25:46,2024-06-30T20:25:46,"Explained lateral diploma opportunities, parent agreed to visit ITI"
9,5b845b6a-20ec-4ead-9742-1a23d6a08675,Family requested counsellor callback,Family in Jodhpur has lingering reservations regarding trade progression and societal perception.,resolved,1,9829959939,Evening 5-7 PM,2024-01-02T09:00:34,2024-01-02T11:00:34,"Explained lateral diploma opportunities, parent agreed to visit ITI"
10,40fb2043-0d50-4276-a758-f643a151ba15,Persistent parent status concern,Family in Gwalior has lingering reservations regarding trade progression and societal perception.,queued,,9852026562,Evening 5-7 PM,2024-03-12T18:08:04,,
11,b95f5ef7-61d5-4da4-9682-cbc3e01e7abc,Family requested counsellor callback,Family in Jaipur has lingering reservations regarding trade progression and societal perception.,queued,,9859040942,Evening 5-7 PM,2024-05-13T17:44:08,,
12,358d3ba3-58ae-4f6c-b183-0792f24db94d,Persistent parent status concern,Family in Udaipur has lingering reservations regarding trade progression and societal perception.,active,1,9835304350,Evening 5-7 PM,2024-06-28T12:15:22,,
13,14a470d4-9d8f-40e2-b6eb-0f6df10982b7,Family requested counsellor callback,Family in Jodhpur has lingering reservations regarding trade progression and societal perception.,resolved,1,9871489270,Evening 5-7 PM,2024-02-21T18:56:28,2024-02-21T20:56:28,"Explained lateral diploma opportunities, parent agreed to visit ITI"
14,67020ced-3162-4660-a435-618e472a4998,Persistent parent status concern,Family in Gwalior has lingering reservations regarding trade progression and societal perception.,queued,,9865720237,Evening 5-7 PM,2024-04-24T19:43:28,,
15,12f75a51-2f1d-41f4-beab-68e8337253a6,Family requested counsellor callback,Family in Jodhpur has lingering reservations regarding trade progression and societal perception.,active,1,9846574546,Evening 5-7 PM,2024-09-13T12:30:51,,
16,2026a349-5067-48b4-b4cc-744e45fe7877,Family requested counsellor callback,Family in Jabalpur has lingering reservations regarding trade progression and societal perception.,resolved,1,9845828864,Evening 5-7 PM,2024-09-24T22:04:04,2024-09-25T00:04:04,"Explained lateral diploma opportunities, parent agreed to visit ITI"
17,3aeed3d4-562b-4b70-ae5b-865501715814,Family requested counsellor callback,Family in Hyderabad has lingering reservations regarding trade progression and societal perception.,queued,,9829414501,Evening 5-7 PM,2024-02-21T05:38:41,,
18,2d8687ca-e90b-4cf1-9c30-a98bc6fa5a92,Family requested counsellor callback,Family in Jodhpur has lingering reservations regarding trade progression and societal perception.,active,1,9822385270,Evening 5-7 PM,2024-01-18T07:17:08,,
19,84229e01-f57b-4b68-8761-263a816edcbf,Persistent parent status concern,Family in Gwalior has lingering reservations regarding trade progression and societal perception.,resolved,1,9839194750,Evening 5-7 PM,2024-02-20T17:41:51,2024-02-20T19:41:51,"Explained lateral diploma opportunities, parent agreed to visit ITI"
20,36794355-0e2a-4e69-bb47-cec98b4a319f,Family requested counsellor callback,Family in Bhopal has lingering reservations regarding trade progression and societal perception.,queued,,9881971318,Evening 5-7 PM,2024-06-01T21:08:33,,
21,9b23bd84-7dfa-4384-a272-220c1aa41fb3,Family requested counsellor callback,Family in Indore has lingering reservations regarding trade progression and societal perception.,resolved,1,9842535313,Evening 5-7 PM,2024-09-12T04:24:11,2024-09-12T06:24:11,"Explained lateral diploma opportunities, parent agreed to visit ITI"
22,f206ea48-a3d7-4ad2-a4ec-920fb8a4a9ab,Persistent parent status concern,Family in Gwalior has lingering reservations regarding trade progression and societal perception.,resolved,1,9872140729,Evening 5-7 PM,2024-02-15T22:57:46,2024-02-16T00:57:46,"Explained lateral diploma opportunities, parent agreed to visit ITI"
23,62dc72af-4528-4afb-a29c-27690a77ef47,Persistent parent status concern,Family in Gwalior has lingering reservations regarding trade progression and societal perception.,resolved,1,9887942768,Evening 5-7 PM,2024-09-23T20:18:46,2024-09-23T22:18:46,"Explained lateral diploma opportunities, parent agreed to visit ITI"
24,2f2b776d-eae4-4633-bfa6-187147770e62,Persistent parent status concern,Family in Gwalior has lingering reservations regarding trade progression and societal perception.,active,1,9847912921,Evening 5-7 PM,2024-08-19T05:09:21,,
25,4b5a2b11-6a4d-4a63-b6b7-707e5d8acabd,Family requested counsellor callback,Family in Jabalpur has lingering reservations regarding trade progression and societal perception.,queued,,9821923221,Evening 5-7 PM,2024-03-01T16:44:56,,
26,10abc733-0897-4fc4-ae38-27673361f51f,Family requested counsellor callback,Family in Bhopal has lingering reservations regarding trade progression and societal perception.,resolved,1,9853765620,Evening 5-7 PM,2024-06-04T15:28:51,2024-06-04T17:28:51,"Explained lateral diploma opportunities, parent agreed to visit ITI"
27,04b80049-314d-4a5e-b184-d49f3536eb16,Family requested counsellor callback,Family in Jabalpur has lingering reservations regarding trade progression and societal perception.,active,1,9857526556,Evening 5-7 PM,2024-03-13T22:52:58,,
28,aab66550-07ea-4779-9bf2-f8845059a19f,Persistent parent status concern,Family in Gwalior has lingering reservations regarding trade progression and societal perception.,active,1,9818177535,Evening 5-7 PM,2024-03-30T05:14:56,,
29,de469e71-02c9-432a-b658-61d5cdf1cb65,Family requested counsellor callback,Family in Jabalpur has lingering reservations regarding trade progression and societal perception.,queued,,9891300499,Evening 5-7 PM,2024-03-14T14:18:44,,
30,14359ed6-f553-4fe9-89db-caf3b32c6ba7,Persistent parent status concern,Family in Udaipur has lingering reservations regarding trade progression and societal perception.,active,1,9874071113,Evening 5-7 PM,2024-05-11T21:58:53,,
31,b80c569d-7f82-4915-89fe-ca69ef7da914,Family requested counsellor callback,Family in Jodhpur has lingering reservations regarding trade progression and societal perception.,active,1,9869598472,Evening 5-7 PM,2024-07-03T10:50:25,,
32,3c70ea99-41f3-4fd6-8c96-862f8e660a9a,Persistent parent status concern,Family in Warangal has lingering reservations regarding trade progression and societal perception.,active,1,9817203857,Evening 5-7 PM,2024-03-04T17:53:10,,
33,b90de919-bec5-4ffc-872e-128006b00672,Family requested counsellor callback,Family in Jodhpur has lingering reservations regarding trade progression and societal perception.,resolved,1,9849860659,Evening 5-7 PM,2024-08-12T14:41:11,2024-08-12T16:41:11,"Explained lateral diploma opportunities, parent agreed to visit ITI"
34,6fae7ebc-4056-4352-a4d6-08015093d9a2,Family requested counsellor callback,Family in Jabalpur has lingering reservations regarding trade progression and societal perception.,queued,,9811694890,Evening 5-7 PM,2024-09-16T00:30:07,,
35,14f95d42-bf90-4779-b778-05f3d5729c11,Family requested counsellor callback,Family in Bhopal has lingering reservations regarding trade progression and societal perception.,resolved,1,9864673253,Evening 5-7 PM,2024-01-26T05:52:03,2024-01-26T07:52:03,"Explained lateral diploma opportunities, parent agreed to visit ITI"
36,e711a537-a609-4f05-b439-023ff2596824,Family requested counsellor callback,Family in Jaipur has lingering reservations regarding trade progression and societal perception.,resolved,1,9890941394,Evening 5-7 PM,2024-03-07T20:43:22,2024-03-07T22:43:22,"Explained lateral diploma opportunities, parent agreed to visit ITI"
37,023a1289-a3b8-47dc-82f4-b8905a5ffd16,Persistent parent status concern,Family in Udaipur has lingering reservations regarding trade progression and societal perception.,resolved,1,9849293481,Evening 5-7 PM,2024-05-05T10:35:52,2024-05-05T12:35:52,"Explained lateral diploma opportunities, parent agreed to visit ITI"
38,527fa978-1a48-4393-a39e-95e1de64df58,Persistent parent status concern,Family in Warangal has lingering reservations regarding trade progression and societal perception.,queued,,9812118599,Evening 5-7 PM,2024-03-19T16:51:12,,
39,d3efdd92-9c73-4b98-bcf9-1b5e9a448a82,Family requested counsellor callback,Family in Karimnagar has lingering reservations regarding trade progression and societal perception.,queued,,9813868053,Evening 5-7 PM,2024-05-23T04:54:22,,
40,b91b5b10-7f17-4705-86d1-6113bf15f4d1,Family requested counsellor callback,Family in Karimnagar has lingering reservations regarding trade progression and societal perception.,queued,,9890663204,Evening 5-7 PM,2024-03-16T09:09:22,,
41,1fefa0d9-19ab-46e7-a357-7190fc4378db,Persistent parent status concern,Family in Gwalior has lingering reservations regarding trade progression and societal perception.,queued,,9813514597,Evening 5-7 PM,2024-03-09T19:45:53,,
42,c0e2b056-fe30-4bf5-92f8-1baa17b5053c,Persistent parent status concern,Family in Gwalior has lingering reservations regarding trade progression and societal perception.,queued,,9879775660,Evening 5-7 PM,2024-06-01T10:12:09,,
43,ab194b5f-7797-465d-a74b-dd86cb7d1c60,Persistent parent status concern,Family in Udaipur has lingering reservations regarding trade progression and societal perception.,resolved,1,9815621594,Evening 5-7 PM,2024-04-13T01:16:28,2024-04-13T03:16:28,"Explained lateral diploma opportunities, parent agreed to visit ITI"
44,5adcdeda-d3bf-409b-a841-b924d03565c3,Family requested counsellor callback,Family in Jabalpur has lingering reservations regarding trade progression and societal perception.,resolved,1,9890621546,Evening 5-7 PM,2024-06-06T18:01:42,2024-06-06T20:01:42,"Explained lateral diploma opportunities, parent agreed to visit ITI"
45,0703c169-dfaa-47e8-a905-90c28e898669,Family requested counsellor callback,Family in Jabalpur has lingering reservations regarding trade progression and societal perception.,resolved,1,9892423342,Evening 5-7 PM,2024-08-29T21:51:23,2024-08-29T23:51:23,"Explained lateral diploma opportunities, parent agreed to visit ITI"
46,a64cb243-b1e9-4bac-9377-abab5825b8f0,Persistent parent status concern,Family in Gwalior has lingering reservations regarding trade progression and societal perception.,queued,,9815134113,Evening 5-7 PM,2024-01-31T03:49:56,,
47,d2a86999-ed72-4a2e-8280-1e56aa761d7d,Persistent parent status concern,Family in Warangal has lingering reservations regarding trade progression and societal perception.,queued,,9880987605,Evening 5-7 PM,2024-04-26T14:20:07,,
48,91eb90c9-83c7-49bc-aaec-a4250e49dbdb,Persistent parent status concern,Family in Udaipur has lingering reservations regarding trade progression and societal perception.,resolved,1,9885556804,Evening 5-7 PM,2024-01-19T12:31:25,2024-01-19T14:31:25,"Explained lateral diploma opportunities, parent agreed to visit ITI"
49,c75f6b1d-0a39-4c7b-9bfc-8dd5865142e8,Family requested counsellor callback,Family in Jodhpur has lingering reservations regarding trade progression and societal perception.,queued,,9870508238,Evening 5-7 PM,2024-02-11T04:35:19,,
