message_id,objection_category,sentiment,intent
2,none,0.4,express_acceptance
4,none,0.71,express_acceptance
7,none,0.59,express_acceptance
9,none,0.3,express_acceptance
12,none,0.44,express_acceptance
14,none,0.67,express_acceptance
17,cost,-0.13,ask_info
19,job_security,-0.27,ask_info
22,degree_pref,-0.64,express_concern
24,degree_pref,-0.64,express_concern
27,job_security,0.32,express_acceptance
29,none,0.35,express_acceptance
32,degree_pref,-0.47,express_concern
34,income,-0.77,express_concern
37,none,0.39,express_acceptance
39,job_security,0.66,express_acceptance
42,none,0.21,express_acceptance
44,none,0.51,express_acceptance
47,none,0.28,express_acceptance
49,job_security,0.18,express_acceptance
52,status,-0.54,express_concern
54,degree_pref,-0.82,express_concern
57,job_security,-0.12,ask_info
59,cost,-0.06,ask_info
62,job_security,0.34,express_acceptance
64,none,0.18,express_acceptance
67,none,0.62,express_acceptance
69,none,0.48,express_acceptance
72,job_security,0.7,express_acceptance
74,job_security,0.42,express_acceptance
77,safety,-0.71,express_concern
79,status,-0.82,express_concern
82,none,0.61,express_acceptance
84,none,0.3,express_acceptance
87,job_security,0.15,ask_info
89,income,-0.1,ask_info
92,safety,-0.77,express_concern
94,degree_pref,-0.72,express_concern
97,cost,-0.24,ask_info
99,job_security,0.09,ask_info
102,job_security,0.22,express_acceptance
104,none,0.27,express_acceptance
107,income,-0.76,express_concern
109,income,-0.49,express_concern
112,none,0.15,express_acceptance
114,none,0.34,express_acceptance
117,degree_pref,-0.62,express_concern
119,income,-0.55,express_concern
122,income,-0.54,express_concern
124,safety,-0.59,express_concern
127,status,-0.72,express_concern
129,income,-0.66,express_concern
132,cost,-0.12,ask_info
134,income,0.08,ask_info
137,none,0.6,express_acceptance
139,none,0.75,express_acceptance
142,income,0.15,ask_info
144,income,0.13,ask_info
147,none,0.5,express_acceptance
149,none,0.27,express_acceptance
152,cost,-0.23,ask_info
154,cost,-0.22,ask_info
157,none,0.27,express_acceptance
159,none,0.6,express_acceptance
162,job_security,0.47,express_acceptance
164,job_security,0.48,express_acceptance
167,cost,-0.15,ask_info
169,income,-0.15,ask_info
172,cost,-0.23,ask_info
174,job_security,0.05,ask_info
177,job_security,-0.13,ask_info
179,cost,0.13,ask_info
182,none,0.33,express_acceptance
184,none,0.24,express_acceptance
187,job_security,0.13,ask_info
189,cost,-0.23,ask_info
192,none,0.57,express_acceptance
194,none,0.63,express_acceptance
197,job_security,0.65,express_acceptance
199,none,0.25,express_acceptance
202,none,0.4,express_acceptance
204,none,0.16,express_acceptance
207,safety,-0.71,express_concern
209,degree_pref,-0.81,express_concern
212,job_security,-0.12,ask_info
214,cost,0.03,ask_info
217,cost,0.18,ask_info
219,cost,-0.07,ask_info
222,none,0.2,express_acceptance
224,none,0.19,express_acceptance
227,job_security,-0.27,ask_info
229,cost,-0.07,ask_info
232,job_security,-0.33,ask_info
234,cost,-0.04,ask_info
237,safety,-0.78,express_concern
239,income,-0.75,express_concern
242,cost,0.16,ask_info
244,job_security,-0.05,ask_info
247,income,-0.22,ask_info
249,cost,-0.09,ask_info
252,safety,-0.7,express_concern
254,degree_pref,-0.73,express_concern
257,job_security,0.39,express_acceptance
259,job_security,0.38,express_acceptance
262,cost,-0.11,ask_info
264,cost,-0.06,ask_info
267,income,-0.74,express_concern
269,income,-0.77,express_concern
272,job_security,-0.04,ask_info
274,job_security,0.09,ask_info
277,none,0.23,express_acceptance
279,none,0.74,express_acceptance
282,income,0.03,ask_info
284,job_security,0.02,ask_info
287,job_security,0.24,express_acceptance
289,job_security,0.67,express_acceptance
292,safety,-0.74,express_concern
294,status,-0.71,express_concern
297,job_security,-0.08,ask_info
299,cost,-0.31,ask_info
302,none,0.55,express_acceptance
304,none,0.29,express_acceptance
307,cost,-0.24,ask_info
309,job_security,-0.08,ask_info
312,none,0.48,express_acceptance
314,job_security,0.19,express_acceptance
317,job_security,0.31,express_acceptance
319,none,0.55,express_acceptance
322,none,0.63,express_acceptance
324,job_security,0.72,express_acceptance
327,cost,-0.33,ask_info
329,cost,0.1,ask_info
332,job_security,0.13,ask_info
334,income,-0.29,ask_info
337,cost,0.12,ask_info
339,job_security,-0.19,ask_info
342,income,-0.79,express_concern
344,safety,-0.74,express_concern
347,none,0.5,express_acceptance
349,none,0.22,express_acceptance
352,none,0.72,express_acceptance
354,job_security,0.32,express_acceptance
357,cost,0.14,ask_info
359,job_security,-0.07,ask_info
362,income,-0.24,ask_info
364,cost,-0.25,ask_info
367,income,-0.83,express_concern
369,degree_pref,-0.74,express_concern
372,income,-0.17,ask_info
374,income,0.11,ask_info
377,none,0.69,express_acceptance
379,job_security,0.32,express_acceptance
382,none,0.37,express_acceptance
384,job_security,0.72,express_acceptance
387,cost,-0.13,ask_info
389,job_security,-0.15,ask_info
392,degree_pref,-0.69,express_concern
394,status,-0.82,express_concern
397,none,0.66,express_acceptance
399,none,0.4,express_acceptance
402,safety,-0.54,express_concern
404,status,-0.58,express_concern
407,degree_pref,-0.67,express_concern
409,income,-0.52,express_concern
412,job_security,0.62,express_acceptance
414,none,0.2,express_acceptance
417,income,0.16,ask_info
419,job_security,0.08,ask_info
422,income,0.09,ask_info
424,job_security,0.13,ask_info
427,income,-0.14,ask_info
429,cost,0.2,ask_info
432,cost,-0.0,ask_info
434,cost,-0.29,ask_info
437,job_security,0.21,express_acceptance
439,none,0.61,express_acceptance
442,status,-0.84,express_concern
444,status,-0.55,express_concern
447,job_security,-0.28,ask_info
449,cost,0.17,ask_info
452,none,0.71,express_acceptance
454,job_security,0.44,express_acceptance
457,none,0.33,express_acceptance
459,job_security,0.32,express_acceptance
462,job_security,0.28,express_acceptance
464,job_security,0.42,express_acceptance
467,status,-0.45,express_concern
469,status,-0.75,express_concern
472,none,0.17,express_acceptance
474,none,0.41,express_acceptance
477,none,0.18,express_acceptance
479,job_security,0.49,express_acceptance
482,cost,0.18,ask_info
484,job_security,0.16,ask_info
487,job_security,0.18,express_acceptance
489,none,0.22,express_acceptance
492,cost,-0.05,ask_info
494,income,0.12,ask_info
497,none,0.74,express_acceptance
499,job_security,0.51,express_acceptance
502,income,-0.05,ask_info
504,cost,-0.04,ask_info
507,income,-0.32,ask_info
509,income,-0.06,ask_info
512,job_security,0.16,ask_info
514,cost,0.09,ask_info
517,none,0.42,express_acceptance
519,none,0.22,express_acceptance
522,income,-0.48,express_concern
524,status,-0.54,express_concern
527,job_security,0.52,express_acceptance
529,none,0.25,express_acceptance
532,none,0.27,express_acceptance
534,job_security,0.25,express_acceptance
537,income,-0.57,express_concern
539,income,-0.47,express_concern
542,none,0.62,express_acceptance
544,job_security,0.58,express_acceptance
547,status,-0.52,express_concern
549,safety,-0.81,express_concern
552,income,-0.55,express_concern
554,degree_pref,-0.62,express_concern
557,status,-0.68,express_concern
559,safety,-0.73,express_concern
562,safety,-0.68,express_concern
564,safety,-0.84,express_concern
567,safety,-0.67,express_concern
569,income,-0.84,express_concern
572,safety,-0.84,express_concern
574,degree_pref,-0.8,express_concern
577,job_security,0.63,express_acceptance
579,none,0.33,express_acceptance
582,cost,-0.31,ask_info
584,cost,0.13,ask_info
587,status,-0.52,express_concern
589,status,-0.46,express_concern
592,none,0.72,express_acceptance
594,none,0.19,express_acceptance
597,job_security,0.17,express_acceptance
599,none,0.48,express_acceptance
602,income,-0.12,ask_info
604,income,0.09,ask_info
607,job_security,0.72,express_acceptance
609,none,0.51,express_acceptance
612,income,-0.28,ask_info
614,job_security,0.18,ask_info
617,status,-0.51,express_concern
619,status,-0.56,express_concern
622,safety,-0.82,express_concern
624,status,-0.84,express_concern
627,status,-0.59,express_concern
629,income,-0.83,express_concern
632,income,-0.19,ask_info
634,cost,-0.25,ask_info
637,job_security,0.49,express_acceptance
639,none,0.46,express_acceptance
642,none,0.7,express_acceptance
644,none,0.41,express_acceptance
647,degree_pref,-0.53,express_concern
649,safety,-0.46,express_concern
652,income,-0.63,express_concern
654,income,-0.82,express_concern
657,job_security,-0.11,ask_info
659,income,0.06,ask_info
662,status,-0.75,express_concern
664,safety,-0.82,express_concern
667,none,0.61,express_acceptance
669,none,0.7,express_acceptance
672,cost,0.05,ask_info
674,cost,0.01,ask_info
677,cost,0.03,ask_info
679,job_security,-0.22,ask_info
682,job_security,0.44,express_acceptance
684,none,0.67,express_acceptance
687,job_security,0.7,express_acceptance
689,none,0.71,express_acceptance
692,job_security,0.44,express_acceptance
694,none,0.56,express_acceptance
697,cost,-0.26,ask_info
699,income,-0.14,ask_info
702,cost,-0.2,ask_info
704,cost,0.06,ask_info
707,income,-0.03,ask_info
709,income,-0.29,ask_info
712,income,-0.08,ask_info
714,cost,-0.14,ask_info
717,income,-0.09,ask_info
719,income,-0.07,ask_info
722,none,0.7,express_acceptance
724,none,0.28,express_acceptance
727,income,-0.31,ask_info
729,job_security,-0.26,ask_info
732,none,0.29,express_acceptance
734,job_security,0.75,express_acceptance
737,safety,-0.47,express_concern
739,degree_pref,-0.72,express_concern
742,none,0.72,express_acceptance
744,job_security,0.22,express_acceptance
747,job_security,-0.24,ask_info
749,cost,0.09,ask_info
752,none,0.34,express_acceptance
754,none,0.21,express_acceptance
757,safety,-0.58,express_concern
759,degree_pref,-0.59,express_concern
762,income,-0.6,express_concern
764,degree_pref,-0.56,express_concern
767,job_security,-0.26,ask_info
769,income,-0.31,ask_info
772,income,-0.2,ask_info
774,income,-0.34,ask_info
777,job_security,0.47,express_acceptance
779,none,0.69,express_acceptance
782,degree_pref,-0.8,express_concern
784,status,-0.5,express_concern
787,job_security,0.08,ask_info
789,cost,-0.29,ask_info
792,status,-0.46,express_concern
794,degree_pref,-0.81,express_concern
797,none,0.49,express_acceptance
799,job_security,0.48,express_acceptance
802,job_security,0.36,express_acceptance
804,none,0.71,express_acceptance
807,safety,-0.46,express_concern
809,income,-0.45,express_concern
812,job_security,0.7,express_acceptance
814,none,0.67,express_acceptance
817,income,-0.02,ask_info
819,income,-0.1,ask_info
822,cost,-0.24,ask_info
824,cost,-0.03,ask_info
827,none,0.19,express_acceptance
829,none,0.29,express_acceptance
832,none,0.24,express_acceptance
834,none,0.49,express_acceptance
837,status,-0.69,express_concern
839,status,-0.84,express_concern
842,income,-0.07,ask_info
844,income,-0.24,ask_info
847,degree_pref,-0.69,express_concern
849,status,-0.55,express_concern
852,job_security,0.5,express_acceptance
854,none,0.72,express_acceptance
857,job_security,0.27,express_acceptance
859,none,0.32,express_acceptance
862,job_security,0.23,express_acceptance
864,none,0.36,express_acceptance
867,income,-0.54,express_concern
869,income,-0.65,express_concern
872,status,-0.76,express_concern
874,safety,-0.85,express_concern
877,cost,0.02,ask_info
879,cost,0.12,ask_info
882,none,0.16,express_acceptance
884,job_security,0.51,express_acceptance
887,status,-0.45,express_concern
889,income,-0.51,express_concern
892,job_security,0.69,express_acceptance
894,none,0.2,express_acceptance
897,status,-0.77,express_concern
899,safety,-0.58,express_concern
902,none,0.52,express_acceptance
904,none,0.37,express_acceptance
907,job_security,0.05,ask_info
909,job_security,-0.32,ask_info
912,job_security,0.58,express_acceptance
914,job_security,0.72,express_acceptance
917,income,-0.26,ask_info
919,income,-0.24,ask_info
922,none,0.65,express_acceptance
924,job_security,0.61,express_acceptance
927,job_security,0.45,express_acceptance
929,none,0.45,express_acceptance
932,none,0.18,express_acceptance
934,none,0.53,express_acceptance
937,none,0.68,express_acceptance
939,none,0.62,express_acceptance
942,job_security,0.26,express_acceptance
944,none,0.32,express_acceptance
947,status,-0.72,express_concern
949,status,-0.49,express_concern
952,none,0.34,express_acceptance
954,none,0.37,express_acceptance
957,income,-0.06,ask_info
959,cost,0.2,ask_info
962,safety,-0.51,express_concern
964,degree_pref,-0.79,express_concern
967,income,-0.28,ask_info
969,job_security,0.1,ask_info
972,job_security,0.48,express_acceptance
974,none,0.57,express_acceptance
977,status,-0.46,express_concern
979,status,-0.7,express_concern
982,job_security,0.53,express_acceptance
984,none,0.72,express_acceptance
987,job_security,0.09,ask_info
989,job_security,-0.29,ask_info
992,degree_pref,-0.74,express_concern
994,status,-0.45,express_concern
997,job_security,0.59,express_acceptance
999,none,0.72,express_acceptance
1002,income,0.08,ask_info
1004,cost,-0.29,ask_info
1007,cost,-0.04,ask_info
1009,job_security,0.01,ask_info
1012,income,0.13,ask_info
1014,income,-0.35,ask_info
1017,job_security,-0.32,ask_info
1019,cost,-0.29,ask_info
1022,none,0.23,express_acceptance
1024,job_security,0.37,express_acceptance
1027,cost,-0.28,ask_info
1029,income,-0.22,ask_info
1032,status,-0.74,express_concern
1034,safety,-0.77,express_concern
1037,income,-0.19,ask_info
1039,job_security,-0.05,ask_info
1042,none,0.63,express_acceptance
1044,none,0.49,express_acceptance
1047,none,0.2,express_acceptance
1049,none,0.37,express_acceptance
1052,cost,-0.34,ask_info
1054,income,0.09,ask_info
1057,job_security,0.32,express_acceptance
1059,none,0.72,express_acceptance
1062,none,0.7,express_acceptance
1064,none,0.39,express_acceptance
1067,income,0.18,ask_info
1069,job_security,-0.18,ask_info
1072,cost,0.04,ask_info
1074,income,0.08,ask_info
1077,none,0.23,express_acceptance
1079,none,0.49,express_acceptance
1082,job_security,-0.18,ask_info
1084,job_security,-0.34,ask_info
1087,none,0.15,express_acceptance
1089,none,0.63,express_acceptance
1092,none,0.17,express_acceptance
1094,job_security,0.52,express_acceptance
1097,none,0.23,express_acceptance
1099,none,0.19,express_acceptance
1102,income,-0.0,ask_info
1104,income,-0.19,ask_info
1107,job_security,0.69,express_acceptance
1109,none,0.45,express_acceptance
1112,income,-0.57,express_concern
1114,safety,-0.84,express_concern
1117,job_security,-0.29,ask_info
1119,job_security,-0.22,ask_info
1122,cost,0.14,ask_info
1124,cost,0.07,ask_info
1127,degree_pref,-0.81,express_concern
1129,income,-0.48,express_concern
1132,status,-0.83,express_concern
1134,safety,-0.54,express_concern
1137,none,0.52,express_acceptance
1139,none,0.74,express_acceptance
1142,none,0.21,express_acceptance
1144,none,0.68,express_acceptance
1147,job_security,0.75,express_acceptance
1149,none,0.68,express_acceptance
1152,none,0.63,express_acceptance
1154,none,0.36,express_acceptance
1157,job_security,0.1,ask_info
1159,income,-0.17,ask_info
1162,none,0.36,express_acceptance
1164,none,0.32,express_acceptance
1167,none,0.51,express_acceptance
1169,none,0.37,express_acceptance
1172,none,0.68,express_acceptance
1174,none,0.28,express_acceptance
1177,job_security,0.68,express_acceptance
1179,job_security,0.73,express_acceptance
1182,job_security,0.42,express_acceptance
1184,none,0.42,express_acceptance
1187,job_security,-0.34,ask_info
1189,income,-0.07,ask_info
1192,job_security,0.02,ask_info
1194,cost,-0.14,ask_info
1197,degree_pref,-0.8,express_concern
1199,income,-0.51,express_concern
1202,income,-0.69,express_concern
1204,status,-0.54,express_concern
1207,job_security,0.54,express_acceptance
1209,none,0.72,express_acceptance
1212,degree_pref,-0.76,express_concern
1214,income,-0.55,express_concern
1217,degree_pref,-0.74,express_concern
1219,degree_pref,-0.48,express_concern
1222,cost,0.15,ask_info
1224,job_security,0.15,ask_info
1227,status,-0.58,express_concern
1229,status,-0.68,express_concern
1232,income,-0.28,ask_info
1234,job_security,0.14,ask_info
1237,cost,-0.13,ask_info
1239,income,-0.18,ask_info
1242,none,0.61,express_acceptance
1244,none,0.28,express_acceptance
1247,none,0.29,express_acceptance
1249,none,0.75,express_acceptance
1252,income,-0.63,express_concern
1254,status,-0.83,express_concern
1257,status,-0.66,express_concern
1259,degree_pref,-0.8,express_concern
1262,none,0.55,express_acceptance
1264,none,0.61,express_acceptance
1267,income,-0.57,express_concern
1269,income,-0.57,express_concern
1272,safety,-0.69,express_concern
1274,degree_pref,-0.84,express_concern
1277,job_security,0.06,ask_info
1279,job_security,0.02,ask_info
1282,job_security,-0.23,ask_info
1284,job_security,-0.16,ask_info
1287,none,0.17,express_acceptance
1289,job_security,0.22,express_acceptance
1292,job_security,-0.09,ask_info
1294,income,0.05,ask_info
1297,cost,-0.28,ask_info
1299,cost,-0.07,ask_info
1302,income,-0.25,ask_info
1304,cost,-0.32,ask_info
1307,degree_pref,-0.66,express_concern
1309,safety,-0.85,express_concern
1312,job_security,0.22,express_acceptance
1314,none,0.61,express_acceptance
1317,job_security,0.73,express_acceptance
1319,job_security,0.58,express_acceptance
1322,income,-0.19,ask_info
1324,job_security,-0.2,ask_info
1327,none,0.43,express_acceptance
1329,job_security,0.72,express_acceptance
1332,none,0.57,express_acceptance
1334,none,0.45,express_acceptance
1337,none,0.46,express_acceptance
1339,none,0.17,express_acceptance
1342,income,-0.15,ask_info
1344,income,0.17,ask_info
1347,degree_pref,-0.76,express_concern
1349,status,-0.71,express_concern
1352,job_security,0.24,express_acceptance
1354,none,0.23,express_acceptance
1357,status,-0.58,express_concern
1359,safety,-0.55,express_concern
1362,job_security,-0.04,ask_info
1364,job_security,0.05,ask_info
1367,none,0.41,express_acceptance
1369,none,0.58,express_acceptance
1372,job_security,0.47,express_acceptance
1374,none,0.73,express_acceptance
1377,none,0.57,express_acceptance
1379,job_security,0.2,express_acceptance
1382,none,0.49,express_acceptance
1384,none,0.75,express_acceptance
1387,none,0.75,express_acceptance
1389,none,0.22,express_acceptance
1392,income,-0.76,express_concern
1394,income,-0.46,express_concern
1397,cost,0.17,ask_info
1399,income,-0.32,ask_info
1402,none,0.61,express_acceptance
1404,none,0.62,express_acceptance
1407,income,-0.31,ask_info
1409,income,0.01,ask_info
1412,degree_pref,-0.47,express_concern
1414,degree_pref,-0.58,express_concern
1417,none,0.5,express_acceptance
1419,job_security,0.71,express_acceptance
1422,income,-0.32,ask_info
1424,cost,-0.35,ask_info
1427,degree_pref,-0.68,express_concern
1429,status,-0.58,express_concern
1432,none,0.69,express_acceptance
1434,job_security,0.51,express_acceptance
1437,degree_pref,-0.65,express_concern
1439,degree_pref,-0.53,express_concern
1442,income,-0.84,express_concern
1444,safety,-0.84,express_concern
1447,cost,0.07,ask_info
1449,income,-0.01,ask_info
1452,degree_pref,-0.56,express_concern
1454,degree_pref,-0.56,express_concern
1457,safety,-0.82,express_concern
1459,safety,-0.65,express_concern
1462,degree_pref,-0.58,express_concern
1464,status,-0.83,express_concern
1467,none,0.3,express_acceptance
1469,none,0.62,express_acceptance
1472,degree_pref,-0.69,express_concern
1474,degree_pref,-0.67,express_concern
1477,none,0.71,express_acceptance
1479,none,0.28,express_acceptance
1482,job_security,0.17,express_acceptance
1484,none,0.4,express_acceptance
1487,none,0.52,express_acceptance
1489,none,0.27,express_acceptance
1492,degree_pref,-0.5,express_concern
1494,income,-0.51,express_concern
1497,job_security,0.31,express_acceptance
1499,job_security,0.62,express_acceptance
