id,from_trade_id,step_order,step_title,nsqf_level,next_education,typical_role,typical_salary_range
1,1,1,Certified Electrician,4,Advanced Diploma,Site Electrician / Junior Technician,"₹14,000 - ₹18,000"
2,1,2,Lead Specialist & Supervisor,5,B.Voc / Polytechnic Lateral,Section In-Charge / Contractor,"₹26,000 - ₹38,000"
3,2,1,Certified Plumber,4,Advanced Diploma,Site Plumber / Junior Technician,"₹14,000 - ₹18,000"
4,2,2,Lead Specialist & Supervisor,5,B.Voc / Polytechnic Lateral,Section In-Charge / Contractor,"₹26,000 - ₹38,000"
5,3,1,Certified Welder,4,Advanced Diploma,Site Welder / Junior Technician,"₹14,000 - ₹18,000"
6,3,2,Lead Specialist & Supervisor,5,B.Voc / Polytechnic Lateral,Section In-Charge / Contractor,"₹26,000 - ₹38,000"
7,4,1,Certified Fitter,5,Advanced Diploma,Site Fitter / Junior Technician,"₹14,000 - ₹18,000"
8,4,2,Lead Specialist & Supervisor,6,B.Voc / Polytechnic Lateral,Section In-Charge / Contractor,"₹26,000 - ₹38,000"
9,5,1,Certified Automobile Mechanic,4,Advanced Diploma,Site Automobile Mechanic / Junior Technician,"₹14,000 - ₹18,000"
10,5,2,Lead Specialist & Supervisor,5,B.Voc / Polytechnic Lateral,Section In-Charge / Contractor,"₹26,000 - ₹38,000"
11,6,1,Certified Solar Technician,4,Advanced Diploma,Site Solar Technician / Junior Technician,"₹14,000 - ₹18,000"
12,6,2,Lead Specialist & Supervisor,5,B.Voc / Polytechnic Lateral,Section In-Charge / Contractor,"₹26,000 - ₹38,000"
13,7,1,Certified CNC Operator,4,Advanced Diploma,Site CNC Operator / Junior Technician,"₹14,000 - ₹18,000"
14,7,2,Lead Specialist & Supervisor,5,B.Voc / Polytechnic Lateral,Section In-Charge / Contractor,"₹26,000 - ₹38,000"
15,8,1,Certified Beautician & Wellness,3,Advanced Diploma,Site Beautician & Wellness / Junior Technician,"₹14,000 - ₹18,000"
16,8,2,Lead Specialist & Supervisor,4,B.Voc / Polytechnic Lateral,Section In-Charge / Contractor,"₹26,000 - ₹38,000"
17,9,1,Certified Tailoring & Fashion,3,Advanced Diploma,Site Tailoring & Fashion / Junior Technician,"₹14,000 - ₹18,000"
18,9,2,Lead Specialist & Supervisor,4,B.Voc / Polytechnic Lateral,Section In-Charge / Contractor,"₹26,000 - ₹38,000"
19,10,1,Certified Data Entry & CSC Operator,3,Advanced Diploma,Site Data Entry & CSC Operator / Junior Technician,"₹14,000 - ₹18,000"
20,10,2,Lead Specialist & Supervisor,4,B.Voc / Polytechnic Lateral,Section In-Charge / Contractor,"₹26,000 - ₹38,000"
21,11,1,Certified HVAC & AC Technician,4,Advanced Diploma,Site HVAC & AC Technician / Junior Technician,"₹14,000 - ₹18,000"
22,11,2,Lead Specialist & Supervisor,5,B.Voc / Polytechnic Lateral,Section In-Charge / Contractor,"₹26,000 - ₹38,000"
23,12,1,Certified Mobile Phone Repair Tech,4,Advanced Diploma,Site Mobile Phone Repair Tech / Junior Technician,"₹14,000 - ₹18,000"
24,12,2,Lead Specialist & Supervisor,5,B.Voc / Polytechnic Lateral,Section In-Charge / Contractor,"₹26,000 - ₹38,000"
