id,trade_id,district,name,quote,outcome,is_synthetic
1,1,Warangal,Ramesh Goud,"{""en"": ""My parents wanted me to wait for degree college, but ITI Electrician landed me a job at L&T in 14 months."", ""hi"": ""\u092e\u0947\u0930\u0947 \u092e\u093e\u0924\u093e-\u092a\u093f\u0924\u093e \u0921\u093f\u0917\u094d\u0930\u0940 \u0915\u093e \u0907\u0902\u0924\u091c\u093e\u0930 \u0915\u0930\u0928\u0947 \u0915\u094b \u0915\u0939 \u0930\u0939\u0947 \u0925\u0947, \u0932\u0947\u0915\u093f\u0928 14 \u092e\u0939\u0940\u0928\u0947 \u092e\u0947\u0902 \u092e\u0941\u091d\u0947 \u090f\u0932\u090f\u0902\u0921\u091f\u0940 \u092e\u0947\u0902 \u0905\u091a\u094d\u091b\u0940 \u0928\u094c\u0915\u0930\u0940 \u092e\u093f\u0932 \u0917\u0908\u0964"", ""te"": ""\u0c2e\u0c3e \u0c28\u0c3e\u0c28\u0c4d\u0c28 \u0c21\u0c3f\u0c17\u0c4d\u0c30\u0c40 \u0c1a\u0c47\u0c2f\u0c2e\u0c28\u0c4d\u0c28\u0c3e\u0c30\u0c41, \u0c15\u0c3e\u0c28\u0c40 \u0c10\u0c1f\u0c40\u0c10 \u0c26\u0c4d\u0c35\u0c3e\u0c30\u0c3e 14 \u0c28\u0c46\u0c32\u0c32\u0c4d\u0c32\u0c4b \u0c0e\u0c32\u0c4d \u0c05\u0c02\u0c21\u0c4d \u0c1f\u0c40 \u0c32\u0c4b \u0c2e\u0c02\u0c1a\u0c3f \u0c09\u0c26\u0c4d\u0c2f\u0c4b\u0c17\u0c02 \u0c35\u0c1a\u0c4d\u0c1a\u0c3f\u0c02\u0c26\u0c3f.""}","Earning ₹22,000/month as Industrial Electrician",True
2,6,Hyderabad,Ananya Reddy,"{""en"": ""Solar installation is in huge demand in Telangana. I started my own rooftop setup agency."", ""hi"": ""\u0938\u094c\u0930 \u090a\u0930\u094d\u091c\u093e \u0915\u0940 \u092c\u0939\u0941\u0924 \u092e\u093e\u0902\u0917 \u0939\u0948\u0964 \u0906\u091c \u092e\u0948\u0902 \u0905\u092a\u0928\u0940 \u090f\u091c\u0947\u0902\u0938\u0940 \u091a\u0932\u093e\u0924\u0940 \u0939\u0942\u0901\u0964"", ""te"": ""\u0c38\u0c4b\u0c32\u0c3e\u0c30\u0c4d \u0c2a\u0c4d\u0c2f\u0c3e\u0c28\u0c46\u0c32\u0c4d\u0c38\u0c4d\u200c\u0c15\u0c41 \u0c2e\u0c02\u0c1a\u0c3f \u0c21\u0c3f\u0c2e\u0c3e\u0c02\u0c21\u0c4d \u0c09\u0c02\u0c26\u0c3f. \u0c28\u0c47\u0c28\u0c41 \u0c38\u0c4d\u0c35\u0c02\u0c24\u0c02\u0c17\u0c3e \u0c0f\u0c1c\u0c46\u0c28\u0c4d\u0c38\u0c40 \u0c2a\u0c4d\u0c30\u0c3e\u0c30\u0c02\u0c2d\u0c3f\u0c02\u0c1a\u0c3e\u0c28\u0c41.""}","Self-employed, monthly earnings ₹35,000+",True
3,4,Gwalior,Vikram Singh,"{""en"": ""Fitter course was practical. I am now supervisor in Indian Railways carriage workshop."", ""hi"": ""\u092b\u093f\u091f\u0930 \u091f\u094d\u0930\u0947\u0921 \u0938\u0947 \u0930\u0947\u0932\u0935\u0947 \u0935\u0930\u094d\u0915\u0936\u0949\u092a \u092e\u0947\u0902 \u0938\u0940\u0927\u0947 \u0905\u0935\u0938\u0930 \u092e\u093f\u0932\u093e\u0964"", ""te"": ""\u0c2b\u0c3f\u0c1f\u0c4d\u0c1f\u0c30\u0c4d \u0c15\u0c4b\u0c30\u0c4d\u0c38\u0c41 \u0c35\u0c32\u0c4d\u0c32 \u0c30\u0c48\u0c32\u0c4d\u0c35\u0c47 \u0c35\u0c30\u0c4d\u0c15\u0c4d\u200c\u0c37\u0c3e\u0c2a\u0c4d\u200c\u0c32\u0c4b \u0c38\u0c42\u0c2a\u0c30\u0c4d\u0c35\u0c48\u0c1c\u0c30\u0c4d \u0c2a\u0c4b\u0c38\u0c4d\u0c1f\u0c4d \u0c35\u0c1a\u0c4d\u0c1a\u0c3f\u0c02\u0c26\u0c3f.""}","Government Workshop Supervisor, ₹28,000/month",True
4,8,Indore,Pooja Sharma,"{""en"": ""With the 6-month beautician course, I opened my salon near Rajwada and support my family."", ""hi"": ""6 \u092e\u0939\u0940\u0928\u0947 \u0915\u0947 \u092c\u094d\u092f\u0942\u091f\u0940\u0936\u093f\u092f\u0928 \u0915\u094b\u0930\u094d\u0938 \u0915\u0947 \u092c\u093e\u0926 \u092e\u0948\u0902\u0928\u0947 \u0905\u092a\u0928\u093e \u0938\u0948\u0932\u0942\u0928 \u0916\u094b\u0932\u093e\u0964"", ""te"": ""\u0c06\u0c30\u0c41 \u0c28\u0c46\u0c32\u0c32 \u0c2c\u0c4d\u0c2f\u0c42\u0c1f\u0c40\u0c37\u0c3f\u0c2f\u0c28\u0c4d \u0c15\u0c4b\u0c30\u0c4d\u0c38\u0c41\u0c24\u0c4b \u0c28\u0c47\u0c28\u0c41 \u0c38\u0c4a\u0c02\u0c24 \u0c38\u0c46\u0c32\u0c42\u0c28\u0c4d \u0c2a\u0c4d\u0c30\u0c3e\u0c30\u0c02\u0c2d\u0c3f\u0c02\u0c1a\u0c3e\u0c28\u0c41.""}","Salon owner, net income ₹24,000/month",True
5,7,Jaipur,Mohit Meena,"{""en"": ""CNC machining allowed me to step directly into auto-components manufacturing."", ""hi"": ""\u0938\u0940\u090f\u0928\u0938\u0940 \u091f\u094d\u0930\u0947\u0928\u093f\u0902\u0917 \u0938\u0947 \u092e\u0941\u091d\u0947 \u0911\u091f\u094b\u092e\u094b\u092c\u093e\u0907\u0932 \u092e\u0948\u0928\u094d\u092f\u0941\u092b\u0948\u0915\u094d\u091a\u0930\u093f\u0902\u0917 \u0915\u0902\u092a\u0928\u0940 \u092e\u0947\u0902 \u0905\u091a\u094d\u091b\u0940 \u0928\u094c\u0915\u0930\u0940 \u092e\u093f\u0932\u0940\u0964"", ""te"": ""\u0c38\u0c40\u0c0e\u0c28\u0c4d\u0c38\u0c40 \u0c1f\u0c4d\u0c30\u0c48\u0c28\u0c3f\u0c02\u0c17\u0c4d \u0c35\u0c32\u0c4d\u0c32 \u0c06\u0c1f\u0c4b\u0c2e\u0c4a\u0c2c\u0c48\u0c32\u0c4d \u0c2a\u0c30\u0c3f\u0c36\u0c4d\u0c30\u0c2e\u0c32\u0c4b \u0c2e\u0c02\u0c1a\u0c3f \u0c39\u0c4b\u0c26\u0c3e \u0c32\u0c2d\u0c3f\u0c02\u0c1a\u0c3f\u0c02\u0c26\u0c3f.""}","Senior CNC Operator, ₹21,500/month",True
6,11,Bhopal,Sunil Verma,"{""en"": ""Commercial HVAC requires real expertise. Within 2 years I got promoted to lead technician."", ""hi"": ""\u090f\u0938\u0940 \u0924\u0915\u0928\u0940\u0936\u093f\u092f\u0928 \u0915\u093e \u0915\u093e\u092e \u092c\u0939\u0941\u0924 \u0938\u092e\u094d\u092e\u093e\u0928\u091c\u0928\u0915 \u0939\u0948 \u0914\u0930 \u0906\u092e\u0926\u0928\u0940 \u0928\u093f\u092f\u092e\u093f\u0924 \u0939\u0948\u0964"", ""te"": ""\u0c39\u0c46\u0c1a\u0c4d\u200c\u0c35\u0c3f\u0c0f\u0c38\u0c40 \u0c1f\u0c46\u0c15\u0c4d\u0c28\u0c40\u0c37\u0c3f\u0c2f\u0c28\u0c4d \u0c15\u0c3e\u0c35\u0c21\u0c02\u0c24\u0c4b \u0c30\u0c46\u0c17\u0c4d\u0c2f\u0c41\u0c32\u0c30\u0c4d \u0c06\u0c26\u0c3e\u0c2f\u0c02 \u0c2e\u0c30\u0c3f\u0c2f\u0c41 \u0c17\u0c4c\u0c30\u0c35\u0c02 \u0c09\u0c02\u0c26\u0c3f.""}","Lead HVAC Specialist, ₹26,000/month",True
7,10,Bhopal,Alumnus 7 (Data Entry & CSC Operator),"{""en"": ""Graduating in Data Entry & CSC Operator gave my family financial stability within one year."", ""hi"": ""Data Entry & CSC Operator \u0915\u094b\u0930\u094d\u0938 \u0915\u0930\u0928\u0947 \u0938\u0947 \u090f\u0915 \u0938\u093e\u0932 \u0915\u0947 \u0905\u0902\u0926\u0930 \u092a\u0930\u093f\u0935\u093e\u0930 \u0915\u094b \u0938\u0939\u093e\u0930\u093e \u092e\u093f\u0932\u093e\u0964"", ""te"": ""Data Entry & CSC Operator \u0c15\u0c4b\u0c30\u0c4d\u0c38\u0c41 \u0c2a\u0c42\u0c30\u0c4d\u0c24\u0c3f \u0c1a\u0c47\u0c38\u0c3f \u0c12\u0c15 \u0c38\u0c02\u0c35\u0c24\u0c4d\u0c38\u0c30\u0c02\u0c32\u0c4b \u0c15\u0c41\u0c1f\u0c41\u0c02\u0c2c\u0c3e\u0c28\u0c3f\u0c15\u0c3f \u0c05\u0c02\u0c21\u0c17\u0c3e \u0c28\u0c3f\u0c32\u0c3f\u0c1a\u0c3e\u0c28\u0c41.""}","Employed at accredited center, ₹18,000/month",True
8,12,Udaipur,Alumnus 8 (Mobile Phone Repair Tech),"{""en"": ""Graduating in Mobile Phone Repair Tech gave my family financial stability within one year."", ""hi"": ""Mobile Phone Repair Tech \u0915\u094b\u0930\u094d\u0938 \u0915\u0930\u0928\u0947 \u0938\u0947 \u090f\u0915 \u0938\u093e\u0932 \u0915\u0947 \u0905\u0902\u0926\u0930 \u092a\u0930\u093f\u0935\u093e\u0930 \u0915\u094b \u0938\u0939\u093e\u0930\u093e \u092e\u093f\u0932\u093e\u0964"", ""te"": ""Mobile Phone Repair Tech \u0c15\u0c4b\u0c30\u0c4d\u0c38\u0c41 \u0c2a\u0c42\u0c30\u0c4d\u0c24\u0c3f \u0c1a\u0c47\u0c38\u0c3f \u0c12\u0c15 \u0c38\u0c02\u0c35\u0c24\u0c4d\u0c38\u0c30\u0c02\u0c32\u0c4b \u0c15\u0c41\u0c1f\u0c41\u0c02\u0c2c\u0c3e\u0c28\u0c3f\u0c15\u0c3f \u0c05\u0c02\u0c21\u0c17\u0c3e \u0c28\u0c3f\u0c32\u0c3f\u0c1a\u0c3e\u0c28\u0c41.""}","Employed at accredited center, ₹18,000/month",True
9,5,Warangal,Alumnus 9 (Automobile Mechanic),"{""en"": ""Graduating in Automobile Mechanic gave my family financial stability within one year."", ""hi"": ""Automobile Mechanic \u0915\u094b\u0930\u094d\u0938 \u0915\u0930\u0928\u0947 \u0938\u0947 \u090f\u0915 \u0938\u093e\u0932 \u0915\u0947 \u0905\u0902\u0926\u0930 \u092a\u0930\u093f\u0935\u093e\u0930 \u0915\u094b \u0938\u0939\u093e\u0930\u093e \u092e\u093f\u0932\u093e\u0964"", ""te"": ""Automobile Mechanic \u0c15\u0c4b\u0c30\u0c4d\u0c38\u0c41 \u0c2a\u0c42\u0c30\u0c4d\u0c24\u0c3f \u0c1a\u0c47\u0c38\u0c3f \u0c12\u0c15 \u0c38\u0c02\u0c35\u0c24\u0c4d\u0c38\u0c30\u0c02\u0c32\u0c4b \u0c15\u0c41\u0c1f\u0c41\u0c02\u0c2c\u0c3e\u0c28\u0c3f\u0c15\u0c3f \u0c05\u0c02\u0c21\u0c17\u0c3e \u0c28\u0c3f\u0c32\u0c3f\u0c1a\u0c3e\u0c28\u0c41.""}","Employed at accredited center, ₹18,000/month",True
10,7,Bhopal,Alumnus 10 (CNC Operator),"{""en"": ""Graduating in CNC Operator gave my family financial stability within one year."", ""hi"": ""CNC Operator \u0915\u094b\u0930\u094d\u0938 \u0915\u0930\u0928\u0947 \u0938\u0947 \u090f\u0915 \u0938\u093e\u0932 \u0915\u0947 \u0905\u0902\u0926\u0930 \u092a\u0930\u093f\u0935\u093e\u0930 \u0915\u094b \u0938\u0939\u093e\u0930\u093e \u092e\u093f\u0932\u093e\u0964"", ""te"": ""CNC Operator \u0c15\u0c4b\u0c30\u0c4d\u0c38\u0c41 \u0c2a\u0c42\u0c30\u0c4d\u0c24\u0c3f \u0c1a\u0c47\u0c38\u0c3f \u0c12\u0c15 \u0c38\u0c02\u0c35\u0c24\u0c4d\u0c38\u0c30\u0c02\u0c32\u0c4b \u0c15\u0c41\u0c1f\u0c41\u0c02\u0c2c\u0c3e\u0c28\u0c3f\u0c15\u0c3f \u0c05\u0c02\u0c21\u0c17\u0c3e \u0c28\u0c3f\u0c32\u0c3f\u0c1a\u0c3e\u0c28\u0c41.""}","Employed at accredited center, ₹18,000/month",True
11,7,Gwalior,Alumnus 11 (CNC Operator),"{""en"": ""Graduating in CNC Operator gave my family financial stability within one year."", ""hi"": ""CNC Operator \u0915\u094b\u0930\u094d\u0938 \u0915\u0930\u0928\u0947 \u0938\u0947 \u090f\u0915 \u0938\u093e\u0932 \u0915\u0947 \u0905\u0902\u0926\u0930 \u092a\u0930\u093f\u0935\u093e\u0930 \u0915\u094b \u0938\u0939\u093e\u0930\u093e \u092e\u093f\u0932\u093e\u0964"", ""te"": ""CNC Operator \u0c15\u0c4b\u0c30\u0c4d\u0c38\u0c41 \u0c2a\u0c42\u0c30\u0c4d\u0c24\u0c3f \u0c1a\u0c47\u0c38\u0c3f \u0c12\u0c15 \u0c38\u0c02\u0c35\u0c24\u0c4d\u0c38\u0c30\u0c02\u0c32\u0c4b \u0c15\u0c41\u0c1f\u0c41\u0c02\u0c2c\u0c3e\u0c28\u0c3f\u0c15\u0c3f \u0c05\u0c02\u0c21\u0c17\u0c3e \u0c28\u0c3f\u0c32\u0c3f\u0c1a\u0c3e\u0c28\u0c41.""}","Employed at accredited center, ₹18,000/month",True
12,6,Karimnagar,Alumnus 12 (Solar Technician),"{""en"": ""Graduating in Solar Technician gave my family financial stability within one year."", ""hi"": ""Solar Technician \u0915\u094b\u0930\u094d\u0938 \u0915\u0930\u0928\u0947 \u0938\u0947 \u090f\u0915 \u0938\u093e\u0932 \u0915\u0947 \u0905\u0902\u0926\u0930 \u092a\u0930\u093f\u0935\u093e\u0930 \u0915\u094b \u0938\u0939\u093e\u0930\u093e \u092e\u093f\u0932\u093e\u0964"", ""te"": ""Solar Technician \u0c15\u0c4b\u0c30\u0c4d\u0c38\u0c41 \u0c2a\u0c42\u0c30\u0c4d\u0c24\u0c3f \u0c1a\u0c47\u0c38\u0c3f \u0c12\u0c15 \u0c38\u0c02\u0c35\u0c24\u0c4d\u0c38\u0c30\u0c02\u0c32\u0c4b \u0c15\u0c41\u0c1f\u0c41\u0c02\u0c2c\u0c3e\u0c28\u0c3f\u0c15\u0c3f \u0c05\u0c02\u0c21\u0c17\u0c3e \u0c28\u0c3f\u0c32\u0c3f\u0c1a\u0c3e\u0c28\u0c41.""}","Employed at accredited center, ₹18,000/month",True
13,2,Udaipur,Alumnus 13 (Plumber),"{""en"": ""Graduating in Plumber gave my family financial stability within one year."", ""hi"": ""Plumber \u0915\u094b\u0930\u094d\u0938 \u0915\u0930\u0928\u0947 \u0938\u0947 \u090f\u0915 \u0938\u093e\u0932 \u0915\u0947 \u0905\u0902\u0926\u0930 \u092a\u0930\u093f\u0935\u093e\u0930 \u0915\u094b \u0938\u0939\u093e\u0930\u093e \u092e\u093f\u0932\u093e\u0964"", ""te"": ""Plumber \u0c15\u0c4b\u0c30\u0c4d\u0c38\u0c41 \u0c2a\u0c42\u0c30\u0c4d\u0c24\u0c3f \u0c1a\u0c47\u0c38\u0c3f \u0c12\u0c15 \u0c38\u0c02\u0c35\u0c24\u0c4d\u0c38\u0c30\u0c02\u0c32\u0c4b \u0c15\u0c41\u0c1f\u0c41\u0c02\u0c2c\u0c3e\u0c28\u0c3f\u0c15\u0c3f \u0c05\u0c02\u0c21\u0c17\u0c3e \u0c28\u0c3f\u0c32\u0c3f\u0c1a\u0c3e\u0c28\u0c41.""}","Employed at accredited center, ₹18,000/month",True
14,9,Jaipur,Alumnus 14 (Tailoring & Fashion),"{""en"": ""Graduating in Tailoring & Fashion gave my family financial stability within one year."", ""hi"": ""Tailoring & Fashion \u0915\u094b\u0930\u094d\u0938 \u0915\u0930\u0928\u0947 \u0938\u0947 \u090f\u0915 \u0938\u093e\u0932 \u0915\u0947 \u0905\u0902\u0926\u0930 \u092a\u0930\u093f\u0935\u093e\u0930 \u0915\u094b \u0938\u0939\u093e\u0930\u093e \u092e\u093f\u0932\u093e\u0964"", ""te"": ""Tailoring & Fashion \u0c15\u0c4b\u0c30\u0c4d\u0c38\u0c41 \u0c2a\u0c42\u0c30\u0c4d\u0c24\u0c3f \u0c1a\u0c47\u0c38\u0c3f \u0c12\u0c15 \u0c38\u0c02\u0c35\u0c24\u0c4d\u0c38\u0c30\u0c02\u0c32\u0c4b \u0c15\u0c41\u0c1f\u0c41\u0c02\u0c2c\u0c3e\u0c28\u0c3f\u0c15\u0c3f \u0c05\u0c02\u0c21\u0c17\u0c3e \u0c28\u0c3f\u0c32\u0c3f\u0c1a\u0c3e\u0c28\u0c41.""}","Employed at accredited center, ₹18,000/month",True
15,4,Karimnagar,Alumnus 15 (Fitter),"{""en"": ""Graduating in Fitter gave my family financial stability within one year."", ""hi"": ""Fitter \u0915\u094b\u0930\u094d\u0938 \u0915\u0930\u0928\u0947 \u0938\u0947 \u090f\u0915 \u0938\u093e\u0932 \u0915\u0947 \u0905\u0902\u0926\u0930 \u092a\u0930\u093f\u0935\u093e\u0930 \u0915\u094b \u0938\u0939\u093e\u0930\u093e \u092e\u093f\u0932\u093e\u0964"", ""te"": ""Fitter \u0c15\u0c4b\u0c30\u0c4d\u0c38\u0c41 \u0c2a\u0c42\u0c30\u0c4d\u0c24\u0c3f \u0c1a\u0c47\u0c38\u0c3f \u0c12\u0c15 \u0c38\u0c02\u0c35\u0c24\u0c4d\u0c38\u0c30\u0c02\u0c32\u0c4b \u0c15\u0c41\u0c1f\u0c41\u0c02\u0c2c\u0c3e\u0c28\u0c3f\u0c15\u0c3f \u0c05\u0c02\u0c21\u0c17\u0c3e \u0c28\u0c3f\u0c32\u0c3f\u0c1a\u0c3e\u0c28\u0c41.""}","Employed at accredited center, ₹18,000/month",True
16,2,Karimnagar,Alumnus 16 (Plumber),"{""en"": ""Graduating in Plumber gave my family financial stability within one year."", ""hi"": ""Plumber \u0915\u094b\u0930\u094d\u0938 \u0915\u0930\u0928\u0947 \u0938\u0947 \u090f\u0915 \u0938\u093e\u0932 \u0915\u0947 \u0905\u0902\u0926\u0930 \u092a\u0930\u093f\u0935\u093e\u0930 \u0915\u094b \u0938\u0939\u093e\u0930\u093e \u092e\u093f\u0932\u093e\u0964"", ""te"": ""Plumber \u0c15\u0c4b\u0c30\u0c4d\u0c38\u0c41 \u0c2a\u0c42\u0c30\u0c4d\u0c24\u0c3f \u0c1a\u0c47\u0c38\u0c3f \u0c12\u0c15 \u0c38\u0c02\u0c35\u0c24\u0c4d\u0c38\u0c30\u0c02\u0c32\u0c4b \u0c15\u0c41\u0c1f\u0c41\u0c02\u0c2c\u0c3e\u0c28\u0c3f\u0c15\u0c3f \u0c05\u0c02\u0c21\u0c17\u0c3e \u0c28\u0c3f\u0c32\u0c3f\u0c1a\u0c3e\u0c28\u0c41.""}","Employed at accredited center, ₹18,000/month",True
17,2,Indore,Alumnus 17 (Plumber),"{""en"": ""Graduating in Plumber gave my family financial stability within one year."", ""hi"": ""Plumber \u0915\u094b\u0930\u094d\u0938 \u0915\u0930\u0928\u0947 \u0938\u0947 \u090f\u0915 \u0938\u093e\u0932 \u0915\u0947 \u0905\u0902\u0926\u0930 \u092a\u0930\u093f\u0935\u093e\u0930 \u0915\u094b \u0938\u0939\u093e\u0930\u093e \u092e\u093f\u0932\u093e\u0964"", ""te"": ""Plumber \u0c15\u0c4b\u0c30\u0c4d\u0c38\u0c41 \u0c2a\u0c42\u0c30\u0c4d\u0c24\u0c3f \u0c1a\u0c47\u0c38\u0c3f \u0c12\u0c15 \u0c38\u0c02\u0c35\u0c24\u0c4d\u0c38\u0c30\u0c02\u0c32\u0c4b \u0c15\u0c41\u0c1f\u0c41\u0c02\u0c2c\u0c3e\u0c28\u0c3f\u0c15\u0c3f \u0c05\u0c02\u0c21\u0c17\u0c3e \u0c28\u0c3f\u0c32\u0c3f\u0c1a\u0c3e\u0c28\u0c41.""}","Employed at accredited center, ₹18,000/month",True
18,5,Karimnagar,Alumnus 18 (Automobile Mechanic),"{""en"": ""Graduating in Automobile Mechanic gave my family financial stability within one year."", ""hi"": ""Automobile Mechanic \u0915\u094b\u0930\u094d\u0938 \u0915\u0930\u0928\u0947 \u0938\u0947 \u090f\u0915 \u0938\u093e\u0932 \u0915\u0947 \u0905\u0902\u0926\u0930 \u092a\u0930\u093f\u0935\u093e\u0930 \u0915\u094b \u0938\u0939\u093e\u0930\u093e \u092e\u093f\u0932\u093e\u0964"", ""te"": ""Automobile Mechanic \u0c15\u0c4b\u0c30\u0c4d\u0c38\u0c41 \u0c2a\u0c42\u0c30\u0c4d\u0c24\u0c3f \u0c1a\u0c47\u0c38\u0c3f \u0c12\u0c15 \u0c38\u0c02\u0c35\u0c24\u0c4d\u0c38\u0c30\u0c02\u0c32\u0c4b \u0c15\u0c41\u0c1f\u0c41\u0c02\u0c2c\u0c3e\u0c28\u0c3f\u0c15\u0c3f \u0c05\u0c02\u0c21\u0c17\u0c3e \u0c28\u0c3f\u0c32\u0c3f\u0c1a\u0c3e\u0c28\u0c41.""}","Employed at accredited center, ₹18,000/month",True
19,8,Karimnagar,Alumnus 19 (Beautician & Wellness),"{""en"": ""Graduating in Beautician & Wellness gave my family financial stability within one year."", ""hi"": ""Beautician & Wellness \u0915\u094b\u0930\u094d\u0938 \u0915\u0930\u0928\u0947 \u0938\u0947 \u090f\u0915 \u0938\u093e\u0932 \u0915\u0947 \u0905\u0902\u0926\u0930 \u092a\u0930\u093f\u0935\u093e\u0930 \u0915\u094b \u0938\u0939\u093e\u0930\u093e \u092e\u093f\u0932\u093e\u0964"", ""te"": ""Beautician & Wellness \u0c15\u0c4b\u0c30\u0c4d\u0c38\u0c41 \u0c2a\u0c42\u0c30\u0c4d\u0c24\u0c3f \u0c1a\u0c47\u0c38\u0c3f \u0c12\u0c15 \u0c38\u0c02\u0c35\u0c24\u0c4d\u0c38\u0c30\u0c02\u0c32\u0c4b \u0c15\u0c41\u0c1f\u0c41\u0c02\u0c2c\u0c3e\u0c28\u0c3f\u0c15\u0c3f \u0c05\u0c02\u0c21\u0c17\u0c3e \u0c28\u0c3f\u0c32\u0c3f\u0c1a\u0c3e\u0c28\u0c41.""}","Employed at accredited center, ₹18,000/month",True
20,8,Indore,Alumnus 20 (Beautician & Wellness),"{""en"": ""Graduating in Beautician & Wellness gave my family financial stability within one year."", ""hi"": ""Beautician & Wellness \u0915\u094b\u0930\u094d\u0938 \u0915\u0930\u0928\u0947 \u0938\u0947 \u090f\u0915 \u0938\u093e\u0932 \u0915\u0947 \u0905\u0902\u0926\u0930 \u092a\u0930\u093f\u0935\u093e\u0930 \u0915\u094b \u0938\u0939\u093e\u0930\u093e \u092e\u093f\u0932\u093e\u0964"", ""te"": ""Beautician & Wellness \u0c15\u0c4b\u0c30\u0c4d\u0c38\u0c41 \u0c2a\u0c42\u0c30\u0c4d\u0c24\u0c3f \u0c1a\u0c47\u0c38\u0c3f \u0c12\u0c15 \u0c38\u0c02\u0c35\u0c24\u0c4d\u0c38\u0c30\u0c02\u0c32\u0c4b \u0c15\u0c41\u0c1f\u0c41\u0c02\u0c2c\u0c3e\u0c28\u0c3f\u0c15\u0c3f \u0c05\u0c02\u0c21\u0c17\u0c3e \u0c28\u0c3f\u0c32\u0c3f\u0c1a\u0c3e\u0c28\u0c41.""}","Employed at accredited center, ₹18,000/month",True
