id,name_en,name_local,sector,nsqf_level,duration_months,entry_qualification,safety_notes,job_roles,description_simple
1,Electrician,"{""hi"": ""\u0907\u0932\u0947\u0915\u094d\u091f\u094d\u0930\u0940\u0936\u093f\u092f\u0928"", ""te"": ""\u0c0e\u0c32\u0c15\u0c4d\u0c1f\u0c4d\u0c30\u0c40\u0c37\u0c3f\u0c2f\u0c28\u0c4d""}",Electrical,4,24,Class 10 Pass,"Safety goggles, insulated gloves, rubber sole boots","[""House Wiring"", ""Industrial Electrician"", ""Maintenance Technician""]","{""en"": ""Install and repair electrical wiring and machines"", ""hi"": ""\u092c\u093f\u091c\u0932\u0940 \u0915\u0940 \u0935\u093e\u092f\u0930\u093f\u0902\u0917 \u0914\u0930 \u092e\u0936\u0940\u0928\u094b\u0902 \u0915\u0940 \u092e\u0930\u092e\u094d\u092e\u0924 \u0915\u0930\u0928\u093e"", ""te"": ""\u0c35\u0c3f\u0c26\u0c4d\u0c2f\u0c41\u0c24\u0c4d \u0c35\u0c48\u0c30\u0c3f\u0c02\u0c17\u0c4d \u0c2e\u0c30\u0c3f\u0c2f\u0c41 \u0c2f\u0c02\u0c24\u0c4d\u0c30\u0c3e\u0c32\u0c28\u0c41 \u0c2e\u0c30\u0c2e\u0c4d\u0c2e\u0c24\u0c41 \u0c1a\u0c47\u0c2f\u0c21\u0c02""}"
2,Plumber,"{""hi"": ""\u092a\u094d\u0932\u0902\u092c\u0930"", ""te"": ""\u0c2a\u0c4d\u0c32\u0c02\u0c2c\u0c30\u0c4d""}",Construction,4,12,Class 8 Pass,"Gloves, safety footwear, eye shield","[""Pipe Fitter"", ""Sanitary Installer"", ""Plumbing Contractor""]","{""en"": ""Fix water pipes, drains, and bathroom fittings"", ""hi"": ""\u092a\u093e\u0928\u0940 \u0915\u0947 \u092a\u093e\u0907\u092a, \u0928\u093e\u0932\u093f\u092f\u093e\u0902 \u0914\u0930 \u0938\u0947\u0928\u0947\u091f\u0930\u0940 \u092b\u093f\u091f\u093f\u0902\u0917 \u0920\u0940\u0915 \u0915\u0930\u0928\u093e"", ""te"": ""\u0c28\u0c40\u0c1f\u0c3f \u0c2a\u0c48\u0c2a\u0c41\u0c32\u0c41, \u0c21\u0c4d\u0c30\u0c48\u0c28\u0c47\u0c1c\u0c40 \u0c2e\u0c30\u0c3f\u0c2f\u0c41 \u0c2c\u0c3e\u0c24\u0c4d\u200c\u0c30\u0c42\u0c2e\u0c4d \u0c05\u0c2e\u0c30\u0c3f\u0c15\u0c32\u0c28\u0c41 \u0c2c\u0c3e\u0c17\u0c41 \u0c1a\u0c47\u0c2f\u0c21\u0c02""}"
3,Welder,"{""hi"": ""\u0935\u0947\u0932\u094d\u0921\u0930"", ""te"": ""\u0c35\u0c46\u0c32\u0c4d\u0c21\u0c30\u0c4d""}",Manufacturing,4,12,Class 8 Pass,"Welding helmet, leather apron, heavy boots","[""Arc Welder"", ""Gas Welder"", ""Structural Fabricator""]","{""en"": ""Join metal parts using heat and electricity"", ""hi"": ""\u0917\u0930\u094d\u092e\u0940 \u0914\u0930 \u092c\u093f\u091c\u0932\u0940 \u0938\u0947 \u0927\u093e\u0924\u0941 \u0915\u0947 \u092a\u0941\u0930\u094d\u091c\u094b\u0902 \u0915\u094b \u091c\u094b\u0921\u093c\u0928\u093e"", ""te"": ""\u0c35\u0c47\u0c21\u0c3f \u0c2e\u0c30\u0c3f\u0c2f\u0c41 \u0c35\u0c3f\u0c26\u0c4d\u0c2f\u0c41\u0c24\u0c4d\u200c\u0c24\u0c4b \u0c32\u0c4b\u0c39 \u0c2d\u0c3e\u0c17\u0c3e\u0c32\u0c28\u0c41 \u0c05\u0c24\u0c3f\u0c15\u0c3f\u0c02\u0c1a\u0c21\u0c02""}"
4,Fitter,"{""hi"": ""\u092b\u093f\u091f\u0930"", ""te"": ""\u0c2b\u0c3f\u0c1f\u0c4d\u0c1f\u0c30\u0c4d""}",Manufacturing,5,24,Class 10 Pass,"Safety glasses, ear protection, steel toe shoes","[""Assembly Technician"", ""Machine Operator"", ""Plant Maintenance Fitter""]","{""en"": ""Assemble and test complex machinery parts"", ""hi"": ""\u092e\u0936\u0940\u0928\u094b\u0902 \u0915\u0947 \u092a\u0941\u0930\u094d\u091c\u094b\u0902 \u0915\u094b \u091c\u094b\u0921\u093c\u0928\u093e \u0914\u0930 \u091c\u093e\u0902\u091a\u0928\u093e"", ""te"": ""\u0c2f\u0c02\u0c24\u0c4d\u0c30 \u0c2d\u0c3e\u0c17\u0c3e\u0c32\u0c28\u0c41 \u0c05\u0c2e\u0c30\u0c4d\u0c1a\u0c21\u0c02 \u0c2e\u0c30\u0c3f\u0c2f\u0c41 \u0c2a\u0c30\u0c40\u0c15\u0c4d\u0c37\u0c3f\u0c02\u0c1a\u0c21\u0c02""}"
5,Automobile Mechanic,"{""hi"": ""\u0911\u091f\u094b \u092e\u0948\u0915\u0947\u0928\u093f\u0915"", ""te"": ""\u0c06\u0c1f\u0c4b \u0c2e\u0c4a\u0c2c\u0c48\u0c32\u0c4d \u0c2e\u0c46\u0c15\u0c3e\u0c28\u0c3f\u0c15\u0c4d""}",Automotive,4,24,Class 10 Pass,"Grease-resistant gloves, eye protection","[""Auto Service Tech"", ""Engine Specialist"", ""Garage Supervisor""]","{""en"": ""Service, diagnose and repair two-wheelers and four-wheelers"", ""hi"": ""\u0917\u093e\u0921\u093c\u093f\u092f\u094b\u0902 \u0915\u0940 \u0938\u0930\u094d\u0935\u093f\u0938\u093f\u0902\u0917 \u0914\u0930 \u0916\u0930\u093e\u092c\u0940 \u0920\u0940\u0915 \u0915\u0930\u0928\u093e"", ""te"": ""\u0c26\u0c4d\u0c35\u0c3f\u0c1a\u0c15\u0c4d\u0c30 \u0c2e\u0c30\u0c3f\u0c2f\u0c41 \u0c28\u0c3e\u0c32\u0c41\u0c17\u0c41 \u0c1a\u0c15\u0c4d\u0c30\u0c3e\u0c32 \u0c35\u0c3e\u0c39\u0c28\u0c3e\u0c32 \u0c2e\u0c30\u0c2e\u0c4d\u0c2e\u0c24\u0c41 \u0c1a\u0c47\u0c2f\u0c21\u0c02""}"
6,Solar Technician,"{""hi"": ""\u0938\u094b\u0932\u0930 \u0924\u0915\u0928\u0940\u0936\u093f\u092f\u0928"", ""te"": ""\u0c38\u0c4b\u0c32\u0c3e\u0c30\u0c4d \u0c1f\u0c46\u0c15\u0c4d\u0c28\u0c40\u0c37\u0c3f\u0c2f\u0c28\u0c4d""}",Green Energy,4,12,Class 10 Pass,"Rooftop harness, electrical gloves, hard hat","[""Rooftop Installer"", ""PV Maintenance Specialist"", ""Solar Consultant""]","{""en"": ""Install rooftop solar panels and inverters"", ""hi"": ""\u091b\u0924 \u092a\u0930 \u0938\u094b\u0932\u0930 \u092a\u0948\u0928\u0932 \u0914\u0930 \u0907\u0928\u094d\u0935\u0930\u094d\u091f\u0930 \u0932\u0917\u093e\u0928\u093e"", ""te"": ""\u0c2a\u0c48\u0c15\u0c2a\u0c4d\u0c2a\u0c41\u0c2a\u0c48 \u0c38\u0c4b\u0c32\u0c3e\u0c30\u0c4d \u0c2a\u0c4d\u0c2f\u0c3e\u0c28\u0c46\u0c32\u0c4d\u0c38\u0c4d \u0c2e\u0c30\u0c3f\u0c2f\u0c41 \u0c07\u0c28\u0c4d\u0c35\u0c30\u0c4d\u0c1f\u0c30\u0c4d\u0c32\u0c28\u0c41 \u0c0f\u0c30\u0c4d\u0c2a\u0c3e\u0c1f\u0c41 \u0c1a\u0c47\u0c2f\u0c21\u0c02""}"
7,CNC Operator,"{""hi"": ""\u0938\u0940\u090f\u0928\u0938\u0940 \u0911\u092a\u0930\u0947\u091f\u0930"", ""te"": ""\u0c38\u0c40\u0c0e\u0c28\u0c4d\u0c38\u0c40 \u0c06\u0c2a\u0c30\u0c47\u0c1f\u0c30\u0c4d""}",Manufacturing,4,12,Class 10 Pass,"Safety glasses, chip guard","[""CNC Turner"", ""CNC Milling Operator"", ""Quality Inspector""]","{""en"": ""Operate computer-controlled cutting and shaping machines"", ""hi"": ""\u0915\u0902\u092a\u094d\u092f\u0942\u091f\u0930 \u0938\u0947 \u091a\u0932\u0928\u0947 \u0935\u093e\u0932\u0940 \u092e\u0936\u0940\u0928\u094b\u0902 \u0915\u094b \u0938\u0902\u091a\u093e\u0932\u093f\u0924 \u0915\u0930\u0928\u093e"", ""te"": ""\u0c15\u0c02\u0c2a\u0c4d\u0c2f\u0c42\u0c1f\u0c30\u0c4d \u0c06\u0c27\u0c3e\u0c30\u0c3f\u0c24 \u0c2f\u0c02\u0c24\u0c4d\u0c30\u0c3e\u0c32\u0c28\u0c41 \u0c28\u0c21\u0c2a\u0c21\u0c02""}"
8,Beautician & Wellness,"{""hi"": ""\u092c\u094d\u092f\u0942\u091f\u0940\u0936\u093f\u092f\u0928"", ""te"": ""\u0c2c\u0c4d\u0c2f\u0c42\u0c1f\u0c40\u0c37\u0c3f\u0c2f\u0c28\u0c4d""}",Beauty & Wellness,3,6,Class 8 Pass,"Hygienic aprons, skin patch testing protocols","[""Salon Specialist"", ""Bridal Stylist"", ""Spa Therapist""]","{""en"": ""Skincare, haircare, makeup and salon management"", ""hi"": ""\u0924\u094d\u0935\u091a\u093e, \u092c\u093e\u0932 \u0914\u0930 \u0938\u094c\u0902\u0926\u0930\u094d\u092f \u0938\u0947\u0935\u093e\u090f\u0902 \u0926\u0947\u0928\u093e"", ""te"": ""\u0c1a\u0c30\u0c4d\u0c2e\u0c3e\u0c28\u0c3f\u0c15\u0c3f \u0c2e\u0c30\u0c3f\u0c2f\u0c41 \u0c1c\u0c41\u0c1f\u0c4d\u0c1f\u0c41\u0c15\u0c41 \u0c38\u0c02\u0c2c\u0c02\u0c27\u0c3f\u0c02\u0c1a\u0c3f\u0c28 \u0c38\u0c4c\u0c02\u0c26\u0c30\u0c4d\u0c2f \u0c38\u0c47\u0c35\u0c32\u0c41""}"
9,Tailoring & Fashion,"{""hi"": ""\u0938\u093f\u0932\u093e\u0908 \u0914\u0930 \u092b\u0948\u0936\u0928"", ""te"": ""\u0c1f\u0c48\u0c32\u0c30\u0c3f\u0c02\u0c17\u0c4d & \u0c2b\u0c4d\u0c2f\u0c3e\u0c37\u0c28\u0c4d""}",Apparel,3,6,Class 8 Pass,"Needle guard, ergonomic seating","[""Boutique Tailor"", ""Pattern Maker"", ""Garment Supervisor""]","{""en"": ""Measure, cut, stitch garments and design clothes"", ""hi"": ""\u0915\u092a\u0921\u093c\u0947 \u0928\u093e\u092a\u0928\u093e, \u0915\u093e\u091f\u0928\u093e \u0914\u0930 \u0938\u093f\u0932\u0928\u093e"", ""te"": ""\u0c2c\u0c1f\u0c4d\u0c1f\u0c32\u0c41 \u0c15\u0c4a\u0c32\u0c35\u0c21\u0c02, \u0c15\u0c24\u0c4d\u0c24\u0c3f\u0c30\u0c3f\u0c02\u0c1a\u0c21\u0c02 \u0c2e\u0c30\u0c3f\u0c2f\u0c41 \u0c15\u0c41\u0c1f\u0c4d\u0c1f\u0c21\u0c02""}"
10,Data Entry & CSC Operator,"{""hi"": ""\u0921\u0947\u091f\u093e \u090f\u0902\u091f\u094d\u0930\u0940 \u0911\u092a\u0930\u0947\u091f\u0930"", ""te"": ""\u0c21\u0c47\u0c1f\u0c3e \u0c0e\u0c02\u0c1f\u0c4d\u0c30\u0c40 \u0c06\u0c2a\u0c30\u0c47\u0c1f\u0c30\u0c4d""}",IT & ITES,3,6,Class 10 Pass,"Ergonomic keyboard, screen blue-light filters","[""CSC Center Manager"", ""Office Assistant"", ""Typing Specialist""]","{""en"": ""Manage digital services, paperwork, and computer entries"", ""hi"": ""\u0915\u0902\u092a\u094d\u092f\u0942\u091f\u0930 \u092a\u0930 \u0911\u0928\u0932\u093e\u0907\u0928 \u092b\u0949\u0930\u094d\u092e \u0914\u0930 \u0926\u0938\u094d\u0924\u093e\u0935\u0947\u091c \u0938\u0902\u092d\u093e\u0932\u0928\u093e"", ""te"": ""\u0c15\u0c02\u0c2a\u0c4d\u0c2f\u0c42\u0c1f\u0c30\u0c4d\u200c\u0c32\u0c4b \u0c38\u0c2e\u0c3e\u0c1a\u0c3e\u0c30\u0c02 \u0c28\u0c2e\u0c4b\u0c26\u0c41 \u0c2e\u0c30\u0c3f\u0c2f\u0c41 \u0c06\u0c28\u0c4d\u200c\u0c32\u0c48\u0c28\u0c4d \u0c38\u0c47\u0c35\u0c32\u0c41 \u0c28\u0c3f\u0c30\u0c4d\u0c35\u0c39\u0c3f\u0c02\u0c1a\u0c21\u0c02""}"
11,HVAC & AC Technician,"{""hi"": ""\u090f\u0938\u0940 \u0924\u0915\u0928\u0940\u0936\u093f\u092f\u0928"", ""te"": ""\u0c0f\u0c38\u0c40 \u0c1f\u0c46\u0c15\u0c4d\u0c28\u0c40\u0c37\u0c3f\u0c2f\u0c28\u0c4d""}",Electronics,4,24,Class 10 Pass,"Refrigerant pressure gauge, electrical tester","[""AC Installation Specialist"", ""Chiller Technician"", ""Commercial HVAC Lead""]","{""en"": ""Install and repair domestic and industrial air conditioners"", ""hi"": ""\u090f\u0938\u0940 \u0914\u0930 \u092b\u094d\u0930\u093f\u091c \u0915\u0940 \u092e\u0930\u092e\u094d\u092e\u0924 \u0914\u0930 \u0938\u0930\u094d\u0935\u093f\u0938\u093f\u0902\u0917"", ""te"": ""\u0c0f\u0c38\u0c40\u0c32\u0c41 \u0c2e\u0c30\u0c3f\u0c2f\u0c41 \u0c36\u0c40\u0c24\u0c32\u0c40\u0c15\u0c30\u0c23 \u0c2f\u0c02\u0c24\u0c4d\u0c30\u0c3e\u0c32 \u0c2e\u0c30\u0c2e\u0c4d\u0c2e\u0c24\u0c41""}"
12,Mobile Phone Repair Tech,"{""hi"": ""\u092e\u094b\u092c\u093e\u0907\u0932 \u0930\u093f\u092a\u0947\u092f\u0930"", ""te"": ""\u0c2e\u0c4a\u0c2c\u0c48\u0c32\u0c4d \u0c2b\u0c4b\u0c28\u0c4d \u0c30\u0c3f\u0c2a\u0c47\u0c30\u0c4d""}",Electronics,4,6,Class 8 Pass,"ESD grounding wristband, magnifying lamp","[""Hardware Repair Tech"", ""Software Flashing Specialist"", ""Service Center Lead""]","{""en"": ""Diagnose, fix screens, chips, and software in smartphones"", ""hi"": ""\u0938\u094d\u092e\u093e\u0930\u094d\u091f\u092b\u094b\u0928 \u0915\u0940 \u0938\u094d\u0915\u094d\u0930\u0940\u0928, \u092c\u0948\u091f\u0930\u0940 \u0914\u0930 \u0938\u0949\u092b\u094d\u091f\u0935\u0947\u092f\u0930 \u0920\u0940\u0915 \u0915\u0930\u0928\u093e"", ""te"": ""\u0c38\u0c4d\u0c2e\u0c3e\u0c30\u0c4d\u0c1f\u0c4d\u200c\u0c2b\u0c4b\u0c28\u0c4d\u0c32 \u0c38\u0c4d\u0c15\u0c4d\u0c30\u0c40\u0c28\u0c4d, \u0c2c\u0c4d\u0c2f\u0c3e\u0c1f\u0c30\u0c40 \u0c2e\u0c30\u0c3f\u0c2f\u0c41 \u0c38\u0c3e\u0c2b\u0c4d\u0c1f\u0c4d\u200c\u0c35\u0c47\u0c30\u0c4d \u0c2e\u0c30\u0c2e\u0c4d\u0c2e\u0c24\u0c41 \u0c1a\u0c47\u0c2f\u0c21\u0c02""}"
